{
    "styles": {
        "Regular-No-IF_OWN_ICON_EXISTS": {
            "nodes": {
                "_fun_total_load": [
                    0.0,
                    44.72194977095742
                ],
                "_fun_velocity": [
                    115.20000865050184,
                    44.72194977095742
                ],
                "_res_power": [
                    493.0867808207185,
                    22.058690135647907
                ],
                "_mult": [
                    327.57131755810065,
                    27.367380271295847
                ],
                "_plus": [
                    103.82976278151106,
                    0.0
                ],
                "_plus1": [
                    383.55000408442913,
                    22.663259635309515
                ],
                "_prod": [
                    237.81208191785274,
                    22.367380271295847
                ],
                "_res_total_mass": [
                    220.03153280393332,
                    90.04846904157642
                ],
                "_plus2": [
                    103.82976278151108,
                    90.653038541238
                ]
            },
            "edges": {
                "(_fun_total_load:total_load)-(_plus:_op)": [
                    [
                        56.068339032357095,
                        55.18749415609772
                    ],
                    [
                        66.0683390323571,
                        55.18749415609772
                    ],
                    [
                        79.02747803168027,
                        55.18749415609772
                    ],
                    [
                        79.02747803168027,
                        9.860974885478708
                    ],
                    [
                        95.98661703100345,
                        9.860974885478708
                    ],
                    [
                        105.98661703100345,
                        9.860974885478708
                    ]
                ],
                "(_fun_velocity:velocity)-(_prod:velocity)": [
                    [
                        160.8998631857886,
                        55.18749415609772
                    ],
                    [
                        170.8998631857886,
                        55.18749415609772
                    ],
                    [
                        200.43439967656684,
                        55.18749415609772
                    ],
                    [
                        200.43439967656684,
                        35.52423452078823
                    ],
                    [
                        229.9689361673451,
                        35.52423452078823
                    ],
                    [
                        239.9689361673451,
                        35.52423452078823
                    ]
                ],
                "(_mult:_res3)-(_plus1:_op)": [
                    [
                        336.39314983493676,
                        32.52423452078823
                    ],
                    [
                        346.39314983493676,
                        32.52423452078823
                    ],
                    [
                        361.05000408442913,
                        32.52423452078823
                    ],
                    [
                        361.05000408442913,
                        32.52423452078823
                    ],
                    [
                        375.7068583339215,
                        32.52423452078823
                    ],
                    [
                        385.7068583339215,
                        32.52423452078823
                    ]
                ],
                "(_plus:_res)-(_prod:_res)": [
                    [
                        172.87467855444095,
                        9.860974885478708
                    ],
                    [
                        182.87467855444095,
                        9.860974885478708
                    ],
                    [
                        182.87467855444095,
                        9.860974885478708
                    ],
                    [
                        182.87467855444095,
                        29.524234520788227
                    ],
                    [
                        229.9689361673451,
                        29.524234520788227
                    ],
                    [
                        239.9689361673451,
                        29.524234520788227
                    ]
                ],
                "(_plus1:_res4)-(_res_power:power)": [
                    [
                        445.9299265712262,
                        32.52423452078823
                    ],
                    [
                        455.9299265712262,
                        32.52423452078823
                    ],
                    [
                        453.84820456987245,
                        32.52423452078823
                    ],
                    [
                        453.84820456987245,
                        32.52423452078823
                    ],
                    [
                        485.84820456987245,
                        32.52423452078823
                    ],
                    [
                        495.84820456987245,
                        32.524234520788205
                    ]
                ],
                "(_prod:_res2)-(_mult:_op)": [
                    [
                        262.6339141946888,
                        32.52423452078823
                    ],
                    [
                        272.6339141946888,
                        32.52423452078823
                    ],
                    [
                        296.1810430011409,
                        32.52423452078823
                    ],
                    [
                        296.1810430011409,
                        32.52423452078823
                    ],
                    [
                        319.728171807593,
                        32.52423452078823
                    ],
                    [
                        329.728171807593,
                        32.52423452078823
                    ]
                ],
                "(_fun_total_load:total_load)-(_plus2:_op)": [
                    [
                        56.068339032357095,
                        55.18749415609772
                    ],
                    [
                        66.0683390323571,
                        55.18749415609772
                    ],
                    [
                        83.02747803168029,
                        55.18749415609772
                    ],
                    [
                        83.02747803168029,
                        100.51401342671672
                    ],
                    [
                        95.98661703100346,
                        100.51401342671672
                    ],
                    [
                        105.98661703100346,
                        100.51401342671672
                    ]
                ],